orderId,OrderDate,branchId,branchName,CustomerID,customerName,totalAmount,status,statusValue,productId,productCode,productName,isMaster,price,note
OD00001,12-10-2024,3,Chi nhánh Hồ Chí Minh,KH00988,Huỳnh Thị Thu Hà,67,Pending,0,4371,SP003,Điện thoại thông minh,True,2831662,Mua kèm giảm giá
OD00002,07-05-2024,3,Chi nhánh Đà Nẵng,KH00707,Vũ Minh Quân,25,Pending,2,6136,SP001,Điện thoại thông minh,True,2613885,Khuyến mãi đặc biệt
OD00003,19-10-2024,7,Chi nhánh Hải Phòng,KH00124,Ngô Văn Long,61,Cancelled,2,2624,SP004,Máy giặt,True,3483776,
OD00004,30-11-2024,5,Chi nhánh Hà Nội,KH00777,Hoàng Văn Tiến,78,Completed,2,7925,SP003,Nồi cơm điện,True,6141938,Khuyến mãi đặc biệt
OD00005,29-11-2024,2,Chi nhánh Hồ Chí Minh,KH00772,Đỗ Hoàng Anh,84,Cancelled,1,3171,SP005,Ghế văn phòng,False,6546649,Hàng giảm giá
OD00006,17-06-2024,8,Chi nhánh Hà Nội,KH00665,Vũ Minh Quân,33,Completed,0,5043,SP004,Sách giáo khoa,False,1055687,Khuyến mãi đặc biệt
OD00007,23-10-2024,6,Chi nhánh Đà Nẵng,KH00862,Vũ Minh Quân,3,Completed,1,8702,SP001,Ghế văn phòng,False,4059125,
OD00008,10-12-2024,1,Chi nhánh Đà Nẵng,KH00719,Nguyễn Văn A,29,Pending,1,7921,SP001,Điện thoại thông minh,False,2195750,Khuyến mãi đặc biệt
OD00009,13-10-2024,1,Chi nhánh Hải Phòng,KH00087,Nguyễn Văn A,46,Cancelled,1,5116,SP004,Máy tính xách tay,True,1495296,Hàng giảm giá
OD00010,28-04-2024,10,Chi nhánh Hà Nội,KH00186,Phạm Thị Thanh Hương,46,Pending,2,5487,SP002,Bàn làm việc,True,5636371,Mua kèm giảm giá
OD00011,27-12-2023,1,Chi nhánh Hà Nội,KH00067,Đặng Thị Hạnh,79,Pending,0,4140,SP003,Tủ lạnh,True,7725131,Hàng giảm giá
OD00012,12-07-2024,9,Chi nhánh Hồ Chí Minh,KH00404,Phạm Thị Thanh Hương,25,Completed,0,5079,SP003,Điện thoại thông minh,True,1067497,Mua kèm giảm giá
OD00013,14-06-2024,9,Chi nhánh Hồ Chí Minh,KH00544,Vũ Minh Quân,17,Pending,2,4986,SP005,Tủ lạnh,True,9970605,
OD00014,09-09-2024,5,Chi nhánh Hồ Chí Minh,KH00510,Nguyễn Văn A,96,Cancelled,1,8120,SP004,Ghế văn phòng,False,2462875,Mua kèm giảm giá
OD00015,13-04-2024,10,Chi nhánh Hồ Chí Minh,KH00335,Phạm Thị Thanh Hương,28,Pending,2,2180,SP003,Tủ lạnh,True,9118663,Mua kèm giảm giá
OD00016,23-07-2024,1,Chi nhánh Hồ Chí Minh,KH00073,Đỗ Hoàng Anh,40,Pending,2,3034,SP004,Máy tính xách tay,False,3218214,
OD00017,24-10-2024,1,Chi nhánh Hồ Chí Minh,KH00137,Hoàng Văn Tiến,66,Cancelled,0,3421,SP001,Ghế văn phòng,False,6147617,Mua kèm giảm giá
OD00018,29-08-2024,3,Chi nhánh Hồ Chí Minh,KH00550,Vũ Minh Quân,2,Completed,1,3105,SP001,Điện thoại thông minh,False,7850704,Mua kèm giảm giá
OD00019,28-05-2024,4,Chi nhánh Hải Phòng,KH00297,Huỳnh Thị Thu Hà,21,Pending,1,4439,SP005,Sách giáo khoa,False,1959753,Hàng giảm giá
OD00020,13-09-2024,10,Chi nhánh Hải Phòng,KH00022,Lý Thị Kim Chi,31,Pending,2,4426,SP005,Nồi cơm điện,True,6785313,Hàng giảm giá
OD00021,17-11-2024,2,Chi nhánh Hải Phòng,KH00555,Phan Thị Mai,21,Pending,0,5191,SP002,Máy tính xách tay,True,8646346,
OD00022,03-05-2024,4,Chi nhánh Hà Nội,KH00585,Trần Thị Bích Ngọc,83,Pending,1,4694,SP004,Tủ lạnh,True,2464499,Hàng giảm giá
OD00023,03-07-2024,5,Chi nhánh Hồ Chí Minh,KH00783,Trần Thị Bích Ngọc,53,Completed,2,8833,SP001,Máy tính xách tay,False,6614507,Mua kèm giảm giá
OD00024,07-01-2024,7,Chi nhánh Đà Nẵng,KH00966,Lý Thị Kim Chi,77,Cancelled,2,5917,SP004,Máy giặt,True,3468367,Khuyến mãi đặc biệt
OD00025,25-04-2024,5,Chi nhánh Hà Nội,KH00402,Trần Thị Bích Ngọc,7,Pending,2,8131,SP005,Đèn ngủ,True,2577717,Mua kèm giảm giá
OD00026,01-05-2024,7,Chi nhánh Hà Nội,KH00668,Nguyễn Văn A,59,Pending,0,4795,SP004,Điện thoại thông minh,True,236540,Hàng giảm giá
OD00027,09-12-2024,3,Chi nhánh Hà Nội,KH00808,Vũ Minh Quân,31,Completed,2,2362,SP002,Bàn làm việc,True,5280020,Khuyến mãi đặc biệt
OD00028,30-04-2024,1,Chi nhánh Hải Phòng,KH00834,Bùi Thị Lan,30,Completed,2,5498,SP003,Tủ lạnh,True,3675045,
OD00029,01-08-2024,4,Chi nhánh Hà Nội,KH00856,Cao Minh Tâm,48,Cancelled,2,9204,SP004,Điện thoại thông minh,True,4560733,Khuyến mãi đặc biệt
OD00030,29-08-2024,9,Chi nhánh Hải Phòng,KH00721,Lý Thị Kim Chi,32,Completed,0,3023,SP001,Bàn làm việc,False,8410458,Hàng giảm giá
OD00031,15-12-2024,4,Chi nhánh Đà Nẵng,KH00247,Lý Thị Kim Chi,77,Cancelled,1,5919,SP002,Sách giáo khoa,False,4748395,
OD00032,02-05-2024,3,Chi nhánh Hà Nội,KH00704,Đặng Thị Hạnh,79,Pending,0,2386,SP002,Điện thoại thông minh,False,4671270,
OD00033,01-05-2024,3,Chi nhánh Hải Phòng,KH00036,Bùi Thị Lan,30,Pending,0,5424,SP002,Tủ lạnh,False,5254627,Mua kèm giảm giá
OD00034,28-08-2024,4,Chi nhánh Đà Nẵng,KH00292,Ngô Văn Long,6,Cancelled,1,7998,SP004,Sách giáo khoa,False,8731074,Hàng giảm giá
OD00035,09-12-2024,7,Chi nhánh Hồ Chí Minh,KH00288,Bùi Thị Lan,64,Completed,0,4846,SP001,Bàn làm việc,True,1885058,Mua kèm giảm giá
OD00036,27-03-2024,2,Chi nhánh Hải Phòng,KH00949,Lê Minh Hoàng,26,Pending,0,6477,SP001,Máy tính xách tay,True,6029076,Mua kèm giảm giá
OD00037,04-08-2024,1,Chi nhánh Hải Phòng,KH00902,Phan Thị Mai,50,Cancelled,2,5730,SP004,Điện thoại thông minh,True,6878742,
OD00038,01-10-2024,1,Chi nhánh Hồ Chí Minh,KH00690,Phạm Thị Thanh Hương,52,Cancelled,2,3481,SP004,Đèn ngủ,False,8161806,
OD00039,08-04-2024,7,Chi nhánh Hồ Chí Minh,KH00572,Hoàng Văn Tiến,19,Pending,1,8998,SP003,Sách giáo khoa,True,5145700,Khuyến mãi đặc biệt
OD00040,01-10-2024,5,Chi nhánh Hồ Chí Minh,KH00710,Đặng Thị Hạnh,40,Completed,1,5299,SP002,Điện thoại thông minh,True,4655864,
OD00041,08-02-2024,7,Chi nhánh Đà Nẵng,KH00018,Phan Thị Mai,76,Completed,2,2401,SP005,Bàn làm việc,False,9118901,
OD00042,23-03-2024,5,Chi nhánh Hà Nội,KH00756,Vũ Minh Quân,12,Completed,1,8570,SP003,Máy tính xách tay,True,9947541,Mua kèm giảm giá
OD00043,15-05-2024,1,Chi nhánh Hồ Chí Minh,KH00569,Ngô Văn Long,37,Completed,0,5141,SP004,Nồi cơm điện,True,3600157,Hàng giảm giá
OD00044,20-12-2024,10,Chi nhánh Hà Nội,KH00358,Huỳnh Thị Thu Hà,39,Pending,0,9814,SP005,Máy giặt,False,481496,
OD00045,31-07-2024,2,Chi nhánh Hà Nội,KH00854,Cao Minh Tâm,60,Completed,0,3644,SP003,Ghế văn phòng,False,1715948,
OD00046,15-04-2024,7,Chi nhánh Hải Phòng,KH00597,Lý Thị Kim Chi,96,Completed,2,3018,SP005,Sách giáo khoa,True,9160967,Hàng giảm giá
OD00047,28-04-2024,5,Chi nhánh Hồ Chí Minh,KH00644,Phan Thị Mai,39,Cancelled,0,7189,SP002,Sách giáo khoa,True,1852443,Hàng giảm giá
OD00048,27-11-2024,9,Chi nhánh Hồ Chí Minh,KH00631,Đỗ Hoàng Anh,20,Cancelled,1,7722,SP005,Máy giặt,True,3017721,Khuyến mãi đặc biệt
OD00049,29-12-2023,8,Chi nhánh Hà Nội,KH00791,Vũ Minh Quân,9,Completed,0,1247,SP002,Sách giáo khoa,False,7980454,
OD00050,17-12-2024,1,Chi nhánh Hải Phòng,KH00343,Huỳnh Thị Thu Hà,82,Cancelled,0,2851,SP001,Điện thoại thông minh,True,6286105,Mua kèm giảm giá
OD00051,20-05-2024,8,Chi nhánh Hải Phòng,KH00103,Phạm Thị Thanh Hương,41,Pending,1,5805,SP001,Máy tính xách tay,True,4081154,Hàng giảm giá
OD00052,23-08-2024,3,Chi nhánh Hà Nội,KH00418,Phan Thị Mai,75,Cancelled,1,4323,SP004,Nồi cơm điện,False,1340116,Khuyến mãi đặc biệt
OD00053,14-04-2024,9,Chi nhánh Đà Nẵng,KH00118,Đặng Thị Hạnh,66,Cancelled,0,3495,SP005,Máy tính xách tay,False,9682290,Khuyến mãi đặc biệt
OD00054,29-04-2024,3,Chi nhánh Đà Nẵng,KH00640,Huỳnh Thị Thu Hà,90,Completed,0,2316,SP002,Nồi cơm điện,False,8368025,Hàng giảm giá
OD00055,15-09-2024,4,Chi nhánh Hà Nội,KH00089,Huỳnh Thị Thu Hà,78,Pending,1,7578,SP005,Sách giáo khoa,False,5335985,Khuyến mãi đặc biệt
OD00056,27-12-2023,9,Chi nhánh Hà Nội,KH00116,Bùi Thị Lan,3,Cancelled,1,3147,SP004,Ghế văn phòng,False,1831836,Mua kèm giảm giá
OD00057,07-02-2024,3,Chi nhánh Hà Nội,KH00716,Bùi Thị Lan,34,Completed,0,4443,SP003,Sách giáo khoa,True,3656662,Mua kèm giảm giá
OD00058,31-12-2023,4,Chi nhánh Hà Nội,KH00114,Vũ Minh Quân,100,Completed,2,2025,SP002,Sách giáo khoa,True,1174491,Mua kèm giảm giá
OD00059,25-08-2024,1,Chi nhánh Hà Nội,KH00770,Lê Minh Hoàng,47,Completed,1,2204,SP005,Ghế văn phòng,True,3498784,
OD00060,06-04-2024,1,Chi nhánh Hồ Chí Minh,KH00400,Hoàng Văn Tiến,92,Cancelled,1,7161,SP002,Máy giặt,True,3922750,Khuyến mãi đặc biệt
OD00061,17-03-2024,3,Chi nhánh Hà Nội,KH00087,Lý Thị Kim Chi,7,Pending,0,1845,SP001,Tủ lạnh,True,2101413,Hàng giảm giá
OD00062,13-08-2024,8,Chi nhánh Hà Nội,KH00354,Huỳnh Thị Thu Hà,51,Completed,0,7225,SP002,Máy tính xách tay,True,4287417,
OD00063,27-06-2024,4,Chi nhánh Hải Phòng,KH00764,Đặng Thị Hạnh,87,Completed,2,3989,SP005,Bàn làm việc,False,9870469,
OD00064,21-06-2024,4,Chi nhánh Hải Phòng,KH00555,Cao Minh Tâm,72,Pending,0,1221,SP003,Nồi cơm điện,False,6586798,Hàng giảm giá
OD00065,27-12-2023,10,Chi nhánh Hà Nội,KH00659,Lý Thị Kim Chi,42,Cancelled,1,1033,SP002,Sách giáo khoa,False,5029448,Khuyến mãi đặc biệt
OD00066,29-11-2024,9,Chi nhánh Đà Nẵng,KH00747,Vũ Minh Quân,60,Cancelled,2,9354,SP002,Nồi cơm điện,True,8368059,Khuyến mãi đặc biệt
OD00067,20-02-2024,4,Chi nhánh Hải Phòng,KH00593,Đặng Thị Hạnh,52,Pending,0,7823,SP005,Sách giáo khoa,False,3928731,Mua kèm giảm giá
OD00068,11-06-2024,2,Chi nhánh Hồ Chí Minh,KH00868,Đặng Thị Hạnh,84,Cancelled,0,3183,SP004,Máy giặt,False,9266117,Mua kèm giảm giá
OD00069,31-10-2024,5,Chi nhánh Hồ Chí Minh,KH00736,Đỗ Hoàng Anh,100,Cancelled,0,3724,SP002,Đèn ngủ,False,3400168,Mua kèm giảm giá
OD00070,27-01-2024,2,Chi nhánh Hồ Chí Minh,KH00665,Hoàng Văn Tiến,86,Completed,2,2768,SP002,Máy tính xách tay,True,1014347,Hàng giảm giá
OD00071,12-01-2024,1,Chi nhánh Hồ Chí Minh,KH00977,Đặng Thị Hạnh,11,Completed,2,9790,SP004,Điện thoại thông minh,True,9316686,Khuyến mãi đặc biệt
OD00072,07-09-2024,4,Chi nhánh Đà Nẵng,KH00649,Lê Minh Hoàng,38,Pending,0,8593,SP003,Bàn làm việc,False,6312184,Khuyến mãi đặc biệt
OD00073,21-05-2024,1,Chi nhánh Hải Phòng,KH00792,Ngô Văn Long,13,Cancelled,1,2455,SP005,Điện thoại thông minh,False,9821793,Hàng giảm giá
OD00074,22-07-2024,6,Chi nhánh Đà Nẵng,KH00097,Trần Thị Bích Ngọc,59,Pending,0,8367,SP002,Ghế văn phòng,True,8510945,
OD00075,18-01-2024,9,Chi nhánh Hải Phòng,KH00469,Phan Thị Mai,83,Pending,2,3115,SP001,Sách giáo khoa,True,1847936,Hàng giảm giá
OD00076,19-08-2024,4,Chi nhánh Hồ Chí Minh,KH00092,Bùi Thị Lan,100,Pending,1,1029,SP003,Sách giáo khoa,False,6617086,Hàng giảm giá
OD00077,30-03-2024,8,Chi nhánh Hải Phòng,KH00396,Vũ Minh Quân,20,Cancelled,1,4624,SP003,Điện thoại thông minh,True,3063476,
OD00078,30-10-2024,8,Chi nhánh Hồ Chí Minh,KH00691,Đỗ Hoàng Anh,96,Cancelled,1,9577,SP004,Điện thoại thông minh,False,15783,
OD00079,05-07-2024,2,Chi nhánh Hải Phòng,KH00165,Phan Thị Mai,20,Completed,2,9622,SP005,Ghế văn phòng,False,237251,
OD00080,24-04-2024,2,Chi nhánh Hồ Chí Minh,KH00647,Hoàng Văn Tiến,16,Pending,1,3287,SP002,Máy giặt,False,6126991,Mua kèm giảm giá
OD00081,07-09-2024,2,Chi nhánh Hải Phòng,KH00246,Ngô Văn Long,72,Pending,2,1447,SP005,Ghế văn phòng,True,5474683,Mua kèm giảm giá
OD00082,11-04-2024,1,Chi nhánh Hải Phòng,KH00776,Nguyễn Văn A,16,Cancelled,2,5597,SP003,Máy giặt,True,8241528,
OD00083,27-07-2024,4,Chi nhánh Đà Nẵng,KH00429,Ngô Văn Long,35,Completed,2,9415,SP002,Ghế văn phòng,False,6382813,Hàng giảm giá
OD00084,02-07-2024,4,Chi nhánh Đà Nẵng,KH00266,Hoàng Văn Tiến,72,Cancelled,1,8441,SP005,Ghế văn phòng,False,5257395,Hàng giảm giá
OD00085,03-12-2024,8,Chi nhánh Hồ Chí Minh,KH00168,Phan Thị Mai,23,Cancelled,2,6138,SP002,Bàn làm việc,False,2656221,Khuyến mãi đặc biệt
OD00086,30-01-2024,7,Chi nhánh Hà Nội,KH00287,Ngô Văn Long,30,Cancelled,0,1923,SP005,Nồi cơm điện,True,646341,Mua kèm giảm giá
OD00087,20-06-2024,8,Chi nhánh Hồ Chí Minh,KH00011,Bùi Thị Lan,88,Pending,0,1970,SP003,Tủ lạnh,True,5396824,
OD00088,30-03-2024,6,Chi nhánh Hà Nội,KH00318,Bùi Thị Lan,88,Cancelled,0,1969,SP002,Đèn ngủ,False,346437,Mua kèm giảm giá
OD00089,19-11-2024,9,Chi nhánh Hà Nội,KH00202,Trần Thị Bích Ngọc,45,Pending,1,9162,SP001,Nồi cơm điện,True,4732573,
OD00090,23-11-2024,6,Chi nhánh Hồ Chí Minh,KH00948,Hoàng Văn Tiến,86,Cancelled,0,3627,SP004,Ghế văn phòng,False,6810054,
OD00091,02-02-2024,7,Chi nhánh Đà Nẵng,KH00028,Phan Thị Mai,45,Cancelled,1,4018,SP005,Đèn ngủ,True,5771838,Hàng giảm giá
OD00092,04-09-2024,4,Chi nhánh Đà Nẵng,KH00928,Huỳnh Thị Thu Hà,5,Cancelled,2,3928,SP001,Bàn làm việc,False,863404,
OD00093,15-06-2024,4,Chi nhánh Hồ Chí Minh,KH00075,Vũ Minh Quân,84,Cancelled,0,7162,SP001,Máy tính xách tay,True,7333478,Hàng giảm giá
OD00094,23-03-2024,6,Chi nhánh Hà Nội,KH00081,Đặng Thị Hạnh,16,Completed,0,3765,SP001,Máy tính xách tay,True,9865476,Mua kèm giảm giá
OD00095,17-02-2024,5,Chi nhánh Hà Nội,KH00829,Đặng Thị Hạnh,24,Completed,2,8036,SP002,Máy tính xách tay,True,4774756,
OD00096,06-02-2024,4,Chi nhánh Đà Nẵng,KH00676,Ngô Văn Long,49,Pending,0,2066,SP001,Nồi cơm điện,False,6879891,
OD00097,07-11-2024,2,Chi nhánh Đà Nẵng,KH00396,Phan Thị Mai,4,Completed,0,1471,SP005,Máy giặt,False,8947497,Khuyến mãi đặc biệt
OD00098,28-08-2024,1,Chi nhánh Hồ Chí Minh,KH00185,Phạm Thị Thanh Hương,89,Pending,1,8774,SP004,Tủ lạnh,True,446155,
OD00099,23-12-2023,1,Chi nhánh Đà Nẵng,KH00801,Ngô Văn Long,100,Pending,1,1001,SP004,Máy tính xách tay,True,2874149,
OD00100,26-09-2024,3,Chi nhánh Hải Phòng,KH00216,Cao Minh Tâm,78,Completed,0,2338,SP005,Máy tính xách tay,False,2011774,Mua kèm giảm giá
OD00101,22-03-2024,1,Chi nhánh Hồ Chí Minh,KH00005,Huỳnh Thị Thu Hà,60,Pending,1,7802,SP003,Điện thoại thông minh,True,2863494,Hàng giảm giá
OD00102,17-04-2024,1,Chi nhánh Hải Phòng,KH00766,Lê Minh Hoàng,44,Cancelled,2,2518,SP004,Đèn ngủ,True,2137791,Khuyến mãi đặc biệt
OD00103,15-05-2024,1,Chi nhánh Hà Nội,KH00993,Lê Minh Hoàng,57,Cancelled,0,4710,SP001,Ghế văn phòng,True,2422997,Hàng giảm giá
OD00104,28-01-2024,2,Chi nhánh Hải Phòng,KH00197,Phạm Thị Thanh Hương,44,Completed,1,3819,SP002,Ghế văn phòng,False,7417308,Khuyến mãi đặc biệt
OD00105,17-05-2024,4,Chi nhánh Đà Nẵng,KH00638,Vũ Minh Quân,28,Pending,0,8951,SP005,Sách giáo khoa,False,9768225,Hàng giảm giá
OD00106,04-02-2024,10,Chi nhánh Hồ Chí Minh,KH00558,Lý Thị Kim Chi,97,Completed,1,4913,SP003,Tủ lạnh,True,644189,Mua kèm giảm giá
OD00107,18-12-2024,1,Chi nhánh Hải Phòng,KH00251,Bùi Thị Lan,47,Completed,1,1024,SP001,Sách giáo khoa,True,3751448,
OD00108,06-05-2024,8,Chi nhánh Hải Phòng,KH00933,Nguyễn Văn A,53,Pending,2,3249,SP004,Sách giáo khoa,True,6205652,
OD00109,07-05-2024,10,Chi nhánh Hải Phòng,KH00527,Nguyễn Văn A,30,Cancelled,2,6779,SP002,Máy tính xách tay,False,7160181,Mua kèm giảm giá
OD00110,19-11-2024,3,Chi nhánh Hồ Chí Minh,KH00327,Đỗ Hoàng Anh,27,Pending,0,3151,SP002,Điện thoại thông minh,True,285224,Khuyến mãi đặc biệt
OD00111,02-04-2024,7,Chi nhánh Hồ Chí Minh,KH00745,Nguyễn Văn A,7,Cancelled,0,8830,SP002,Điện thoại thông minh,False,8032596,Hàng giảm giá
OD00112,01-01-2024,2,Chi nhánh Hải Phòng,KH00804,Trần Thị Bích Ngọc,94,Completed,0,4673,SP002,Đèn ngủ,False,1243093,Khuyến mãi đặc biệt
OD00113,22-11-2024,4,Chi nhánh Hải Phòng,KH00495,Bùi Thị Lan,16,Pending,0,7148,SP004,Điện thoại thông minh,True,2720634,Mua kèm giảm giá
OD00114,12-12-2024,5,Chi nhánh Hồ Chí Minh,KH00467,Phạm Thị Thanh Hương,13,Pending,1,9743,SP002,Máy giặt,False,3889576,Mua kèm giảm giá
OD00115,03-11-2024,5,Chi nhánh Hà Nội,KH00660,Đỗ Hoàng Anh,41,Cancelled,0,6576,SP003,Sách giáo khoa,False,6824291,Hàng giảm giá
OD00116,15-05-2024,2,Chi nhánh Hồ Chí Minh,KH00272,Bùi Thị Lan,49,Completed,2,9466,SP005,Máy giặt,False,8122595,Hàng giảm giá
OD00117,12-10-2024,9,Chi nhánh Hải Phòng,KH00128,Phan Thị Mai,97,Completed,0,4664,SP005,Tủ lạnh,True,3532063,
OD00118,31-12-2023,9,Chi nhánh Đà Nẵng,KH00114,Lê Minh Hoàng,30,Completed,2,8892,SP004,Nồi cơm điện,False,2457861,Hàng giảm giá
OD00119,29-02-2024,5,Chi nhánh Hà Nội,KH00820,Nguyễn Văn A,4,Completed,2,2001,SP001,Sách giáo khoa,True,4422732,Khuyến mãi đặc biệt
OD00120,04-12-2024,7,Chi nhánh Hải Phòng,KH00253,Ngô Văn Long,21,Completed,1,2321,SP004,Bàn làm việc,False,2363175,Mua kèm giảm giá
OD00121,25-04-2024,9,Chi nhánh Hà Nội,KH00557,Cao Minh Tâm,24,Completed,2,8673,SP005,Đèn ngủ,False,8372427,Khuyến mãi đặc biệt
OD00122,26-01-2024,9,Chi nhánh Hà Nội,KH00273,Bùi Thị Lan,80,Completed,1,2764,SP002,Điện thoại thông minh,True,615225,
OD00123,27-01-2024,6,Chi nhánh Đà Nẵng,KH00385,Phan Thị Mai,58,Completed,1,5386,SP003,Máy tính xách tay,True,5243348,
OD00124,25-08-2024,10,Chi nhánh Hải Phòng,KH00904,Ngô Văn Long,95,Completed,0,8391,SP003,Bàn làm việc,True,2170284,
OD00125,24-09-2024,5,Chi nhánh Hà Nội,KH00060,Trần Thị Bích Ngọc,27,Cancelled,1,2367,SP004,Tủ lạnh,True,5015842,
OD00126,27-04-2024,4,Chi nhánh Hồ Chí Minh,KH00899,Lê Minh Hoàng,95,Completed,1,7593,SP002,Tủ lạnh,True,3508477,
OD00127,17-03-2024,9,Chi nhánh Hồ Chí Minh,KH00040,Phan Thị Mai,98,Completed,1,4655,SP003,Máy giặt,True,6421110,
OD00128,06-09-2024,1,Chi nhánh Hải Phòng,KH00454,Đặng Thị Hạnh,36,Cancelled,0,5255,SP001,Ghế văn phòng,True,6118363,
OD00129,26-05-2024,10,Chi nhánh Hải Phòng,KH00888,Huỳnh Thị Thu Hà,76,Completed,0,1787,SP002,Bàn làm việc,False,6362844,Hàng giảm giá
OD00130,11-12-2024,10,Chi nhánh Hồ Chí Minh,KH00091,Cao Minh Tâm,14,Cancelled,2,5405,SP001,Máy giặt,False,3893810,
OD00131,19-07-2024,4,Chi nhánh Hà Nội,KH00891,Phan Thị Mai,79,Pending,1,6523,SP003,Tủ lạnh,True,5658726,
OD00132,21-01-2024,8,Chi nhánh Hà Nội,KH00627,Cao Minh Tâm,57,Pending,0,4533,SP005,Nồi cơm điện,True,5087380,Hàng giảm giá
OD00133,29-10-2024,9,Chi nhánh Hải Phòng,KH00780,Trần Thị Bích Ngọc,36,Completed,2,8234,SP003,Bàn làm việc,True,1183518,Mua kèm giảm giá
OD00134,21-02-2024,8,Chi nhánh Hà Nội,KH00558,Nguyễn Văn A,66,Pending,1,8532,SP004,Bàn làm việc,False,4788851,Mua kèm giảm giá
OD00135,10-02-2024,8,Chi nhánh Hải Phòng,KH00237,Huỳnh Thị Thu Hà,32,Completed,1,9413,SP005,Bàn làm việc,False,59894,Mua kèm giảm giá
OD00136,08-11-2024,9,Chi nhánh Đà Nẵng,KH00897,Nguyễn Văn A,33,Completed,1,2407,SP005,Máy tính xách tay,True,1743117,Mua kèm giảm giá
OD00137,24-06-2024,10,Chi nhánh Đà Nẵng,KH00912,Ngô Văn Long,34,Completed,0,2533,SP005,Ghế văn phòng,False,6522068,Mua kèm giảm giá
OD00138,08-08-2024,8,Chi nhánh Đà Nẵng,KH00432,Cao Minh Tâm,14,Cancelled,0,6191,SP004,Đèn ngủ,False,5255452,
OD00139,22-03-2024,8,Chi nhánh Hồ Chí Minh,KH00395,Bùi Thị Lan,94,Pending,1,6342,SP003,Máy tính xách tay,True,183200,Khuyến mãi đặc biệt
OD00140,19-03-2024,5,Chi nhánh Hồ Chí Minh,KH00635,Lý Thị Kim Chi,2,Completed,0,4205,SP002,Bàn làm việc,True,5119067,Hàng giảm giá
OD00141,13-08-2024,9,Chi nhánh Hải Phòng,KH00808,Đặng Thị Hạnh,4,Pending,1,1107,SP003,Bàn làm việc,True,6686591,
OD00142,01-07-2024,3,Chi nhánh Hồ Chí Minh,KH00924,Phạm Thị Thanh Hương,9,Pending,0,8277,SP003,Ghế văn phòng,True,1046019,
OD00143,04-05-2024,1,Chi nhánh Hải Phòng,KH00193,Cao Minh Tâm,67,Completed,0,1087,SP004,Máy giặt,True,4747283,Mua kèm giảm giá
OD00144,02-06-2024,5,Chi nhánh Đà Nẵng,KH00313,Ngô Văn Long,74,Completed,0,6311,SP001,Điện thoại thông minh,False,9012055,Mua kèm giảm giá
OD00145,17-09-2024,7,Chi nhánh Hà Nội,KH00879,Vũ Minh Quân,91,Completed,0,5789,SP003,Bàn làm việc,True,7907923,
OD00146,18-02-2024,8,Chi nhánh Hồ Chí Minh,KH00705,Ngô Văn Long,86,Pending,1,4057,SP003,Ghế văn phòng,True,8118986,Hàng giảm giá
OD00147,27-05-2024,2,Chi nhánh Hà Nội,KH00978,Đỗ Hoàng Anh,31,Pending,0,2918,SP003,Nồi cơm điện,False,5483547,Hàng giảm giá
OD00148,13-01-2024,10,Chi nhánh Hồ Chí Minh,KH00722,Đặng Thị Hạnh,77,Completed,2,2684,SP003,Bàn làm việc,False,4441157,Mua kèm giảm giá
OD00149,11-12-2024,7,Chi nhánh Hải Phòng,KH00737,Trần Thị Bích Ngọc,95,Completed,0,1667,SP003,Máy tính xách tay,False,4327543,Hàng giảm giá
OD00150,29-02-2024,4,Chi nhánh Hà Nội,KH00621,Lý Thị Kim Chi,81,Pending,2,2042,SP004,Máy giặt,False,1285436,
OD00151,17-12-2024,3,Chi nhánh Hà Nội,KH00135,Phạm Thị Thanh Hương,96,Completed,0,2956,SP002,Bàn làm việc,True,2380209,Khuyến mãi đặc biệt
OD00152,07-11-2024,6,Chi nhánh Hồ Chí Minh,KH00568,Trần Thị Bích Ngọc,52,Completed,1,1058,SP003,Máy giặt,False,6957454,Khuyến mãi đặc biệt
OD00153,22-03-2024,9,Chi nhánh Đà Nẵng,KH00015,Vũ Minh Quân,85,Pending,2,8327,SP002,Máy tính xách tay,False,2036460,Mua kèm giảm giá
OD00154,26-06-2024,8,Chi nhánh Hồ Chí Minh,KH00262,Ngô Văn Long,39,Completed,0,5376,SP001,Tủ lạnh,True,3238641,Hàng giảm giá
OD00155,22-01-2024,6,Chi nhánh Hồ Chí Minh,KH00887,Vũ Minh Quân,14,Completed,0,9832,SP001,Nồi cơm điện,True,2327636,
OD00156,25-07-2024,3,Chi nhánh Hà Nội,KH00246,Nguyễn Văn A,14,Pending,1,6118,SP004,Nồi cơm điện,True,4749845,
OD00157,20-12-2024,4,Chi nhánh Hải Phòng,KH00477,Phạm Thị Thanh Hương,16,Cancelled,0,9182,SP001,Ghế văn phòng,False,5966895,Hàng giảm giá
OD00158,25-09-2024,7,Chi nhánh Hồ Chí Minh,KH00519,Cao Minh Tâm,71,Completed,2,3968,SP002,Tủ lạnh,True,556305,Khuyến mãi đặc biệt
OD00159,19-01-2024,5,Chi nhánh Đà Nẵng,KH00771,Hoàng Văn Tiến,73,Pending,1,8095,SP003,Tủ lạnh,True,8063753,
OD00160,03-05-2024,3,Chi nhánh Hải Phòng,KH00574,Trần Thị Bích Ngọc,4,Pending,2,6036,SP002,Máy tính xách tay,False,7478736,Hàng giảm giá
OD00161,23-03-2024,3,Chi nhánh Hải Phòng,KH00603,Hoàng Văn Tiến,81,Pending,2,2923,SP005,Ghế văn phòng,False,4891690,Mua kèm giảm giá
OD00162,21-05-2024,8,Chi nhánh Hồ Chí Minh,KH00327,Đặng Thị Hạnh,6,Pending,2,7388,SP002,Ghế văn phòng,True,2008798,Hàng giảm giá
OD00163,27-09-2024,3,Chi nhánh Hải Phòng,KH00110,Cao Minh Tâm,57,Cancelled,2,3804,SP002,Sách giáo khoa,False,320182,Hàng giảm giá
OD00164,01-04-2024,7,Chi nhánh Hà Nội,KH00730,Lý Thị Kim Chi,21,Cancelled,1,1553,SP003,Tủ lạnh,True,2723298,Mua kèm giảm giá
OD00165,01-04-2024,6,Chi nhánh Hồ Chí Minh,KH00395,Hoàng Văn Tiến,99,Completed,1,2754,SP002,Sách giáo khoa,True,2291853,Hàng giảm giá
OD00166,04-04-2024,10,Chi nhánh Hải Phòng,KH00285,Vũ Minh Quân,6,Cancelled,2,5656,SP003,Điện thoại thông minh,True,3352087,Khuyến mãi đặc biệt
OD00167,10-02-2024,5,Chi nhánh Hà Nội,KH00046,Lê Minh Hoàng,72,Pending,2,1971,SP005,Ghế văn phòng,False,7489410,Khuyến mãi đặc biệt
OD00168,08-03-2024,9,Chi nhánh Hà Nội,KH00175,Phạm Thị Thanh Hương,13,Pending,0,3370,SP005,Bàn làm việc,True,4850878,Mua kèm giảm giá
OD00169,22-01-2024,5,Chi nhánh Hà Nội,KH00052,Đỗ Hoàng Anh,64,Cancelled,2,7488,SP002,Máy tính xách tay,False,5894575,Mua kèm giảm giá
OD00170,07-07-2024,3,Chi nhánh Hà Nội,KH00784,Huỳnh Thị Thu Hà,71,Cancelled,1,4048,SP005,Tủ lạnh,True,1437352,Mua kèm giảm giá
OD00171,16-07-2024,3,Chi nhánh Hải Phòng,KH00083,Cao Minh Tâm,76,Cancelled,0,9812,SP001,Điện thoại thông minh,True,6380344,Mua kèm giảm giá
OD00172,03-02-2024,4,Chi nhánh Hà Nội,KH00516,Hoàng Văn Tiến,54,Pending,1,8472,SP003,Máy tính xách tay,False,5031004,Khuyến mãi đặc biệt
OD00173,04-12-2024,7,Chi nhánh Hồ Chí Minh,KH00086,Lý Thị Kim Chi,45,Completed,1,5783,SP004,Máy tính xách tay,True,2128435,Khuyến mãi đặc biệt
OD00174,12-01-2024,10,Chi nhánh Hà Nội,KH00701,Trần Thị Bích Ngọc,88,Pending,2,9712,SP003,Sách giáo khoa,True,3194184,
OD00175,04-11-2024,6,Chi nhánh Đà Nẵng,KH00382,Ngô Văn Long,74,Completed,0,7550,SP003,Điện thoại thông minh,False,9940290,Hàng giảm giá
OD00176,19-03-2024,10,Chi nhánh Hồ Chí Minh,KH00920,Vũ Minh Quân,28,Pending,0,7960,SP001,Máy giặt,False,8390819,Mua kèm giảm giá
OD00177,06-05-2024,6,Chi nhánh Hà Nội,KH00409,Bùi Thị Lan,33,Cancelled,0,1811,SP001,Điện thoại thông minh,True,594269,
OD00178,15-05-2024,1,Chi nhánh Đà Nẵng,KH00136,Phạm Thị Thanh Hương,84,Cancelled,2,6383,SP005,Đèn ngủ,True,5906796,Khuyến mãi đặc biệt
OD00179,16-03-2024,2,Chi nhánh Hà Nội,KH00157,Hoàng Văn Tiến,71,Completed,1,9486,SP003,Tủ lạnh,False,1642891,Khuyến mãi đặc biệt
OD00180,07-05-2024,5,Chi nhánh Hà Nội,KH00807,Trần Thị Bích Ngọc,3,Cancelled,1,2659,SP004,Sách giáo khoa,True,3948249,Hàng giảm giá
OD00181,07-10-2024,3,Chi nhánh Hải Phòng,KH00242,Phan Thị Mai,84,Completed,2,9012,SP005,Ghế văn phòng,False,8293450,Hàng giảm giá
OD00182,06-02-2024,9,Chi nhánh Hà Nội,KH00123,Huỳnh Thị Thu Hà,22,Cancelled,0,9616,SP001,Ghế văn phòng,False,6939916,Mua kèm giảm giá
OD00183,05-08-2024,8,Chi nhánh Hải Phòng,KH00680,Bùi Thị Lan,83,Cancelled,2,3366,SP004,Bàn làm việc,False,2130868,Mua kèm giảm giá
OD00184,19-04-2024,3,Chi nhánh Hải Phòng,KH00502,Phan Thị Mai,73,Cancelled,0,3559,SP003,Bàn làm việc,True,2497259,
OD00185,15-11-2024,8,Chi nhánh Hải Phòng,KH00280,Lê Minh Hoàng,95,Pending,0,4348,SP003,Máy tính xách tay,True,9630291,Mua kèm giảm giá
OD00186,19-08-2024,8,Chi nhánh Đà Nẵng,KH00943,Nguyễn Văn A,66,Pending,2,8220,SP005,Sách giáo khoa,True,2828375,
OD00187,26-07-2024,3,Chi nhánh Hồ Chí Minh,KH00303,Lê Minh Hoàng,32,Completed,0,3924,SP003,Sách giáo khoa,False,1191088,Hàng giảm giá
OD00188,04-09-2024,9,Chi nhánh Hồ Chí Minh,KH00245,Ngô Văn Long,45,Completed,2,1072,SP002,Sách giáo khoa,True,4992475,Mua kèm giảm giá
OD00189,01-10-2024,2,Chi nhánh Đà Nẵng,KH00413,Ngô Văn Long,92,Cancelled,0,3256,SP004,Ghế văn phòng,True,8672615,Mua kèm giảm giá
OD00190,09-12-2024,7,Chi nhánh Hà Nội,KH00975,Phạm Thị Thanh Hương,81,Cancelled,0,8390,SP004,Điện thoại thông minh,True,6890836,Mua kèm giảm giá
OD00191,20-04-2024,8,Chi nhánh Hải Phòng,KH00869,Cao Minh Tâm,74,Pending,0,1060,SP004,Nồi cơm điện,False,1317895,Hàng giảm giá
OD00192,07-04-2024,3,Chi nhánh Hồ Chí Minh,KH00093,Đặng Thị Hạnh,50,Cancelled,2,3981,SP003,Máy giặt,False,2757596,Mua kèm giảm giá
OD00193,03-09-2024,8,Chi nhánh Hải Phòng,KH00783,Lê Minh Hoàng,24,Completed,2,7874,SP001,Tủ lạnh,True,4135794,Khuyến mãi đặc biệt
OD00194,28-10-2024,5,Chi nhánh Hà Nội,KH00879,Cao Minh Tâm,49,Cancelled,2,6249,SP003,Điện thoại thông minh,False,1728294,Mua kèm giảm giá
OD00195,01-12-2024,9,Chi nhánh Hải Phòng,KH00083,Huỳnh Thị Thu Hà,25,Cancelled,0,8344,SP001,Đèn ngủ,False,186880,Khuyến mãi đặc biệt
OD00196,23-03-2024,2,Chi nhánh Đà Nẵng,KH00391,Phan Thị Mai,76,Pending,1,9497,SP002,Tủ lạnh,False,6023800,
OD00197,12-11-2024,7,Chi nhánh Hồ Chí Minh,KH00401,Lý Thị Kim Chi,63,Pending,1,9793,SP005,Điện thoại thông minh,False,4153344,Mua kèm giảm giá
OD00198,12-01-2024,6,Chi nhánh Đà Nẵng,KH00042,Lê Minh Hoàng,19,Completed,1,5430,SP001,Sách giáo khoa,False,3932544,Hàng giảm giá
OD00199,27-06-2024,2,Chi nhánh Hồ Chí Minh,KH00641,Phan Thị Mai,65,Completed,2,1962,SP004,Đèn ngủ,False,2131752,Khuyến mãi đặc biệt
OD00200,08-02-2024,1,Chi nhánh Đà Nẵng,KH00826,Hoàng Văn Tiến,82,Pending,1,3285,SP001,Sách giáo khoa,True,9429679,
OD00201,31-08-2024,1,Chi nhánh Hồ Chí Minh,KH00218,Đỗ Hoàng Anh,97,Pending,1,9499,SP001,Bàn làm việc,True,8748082,
OD00202,02-12-2024,3,Chi nhánh Hồ Chí Minh,KH00905,Nguyễn Văn A,64,Cancelled,0,9141,SP001,Tủ lạnh,True,7719566,Hàng giảm giá
OD00203,18-09-2024,8,Chi nhánh Hải Phòng,KH00534,Đỗ Hoàng Anh,67,Cancelled,0,5193,SP001,Ghế văn phòng,False,6704046,Hàng giảm giá
OD00204,16-12-2024,4,Chi nhánh Hải Phòng,KH00099,Lê Minh Hoàng,27,Completed,0,5556,SP003,Máy giặt,False,8950694,Khuyến mãi đặc biệt
OD00205,29-11-2024,7,Chi nhánh Hồ Chí Minh,KH00564,Lê Minh Hoàng,37,Cancelled,1,5322,SP001,Máy giặt,True,4926050,Hàng giảm giá
OD00206,15-12-2024,2,Chi nhánh Hải Phòng,KH00587,Lê Minh Hoàng,41,Cancelled,1,6450,SP004,Sách giáo khoa,False,1600224,Hàng giảm giá
OD00207,12-04-2024,1,Chi nhánh Hải Phòng,KH00476,Đặng Thị Hạnh,41,Completed,2,1975,SP002,Tủ lạnh,True,4508667,Hàng giảm giá
OD00208,30-08-2024,10,Chi nhánh Hà Nội,KH00462,Lê Minh Hoàng,7,Cancelled,0,1145,SP004,Tủ lạnh,True,8567219,
OD00209,10-02-2024,4,Chi nhánh Hà Nội,KH00257,Trần Thị Bích Ngọc,18,Completed,1,9168,SP004,Ghế văn phòng,False,1470765,Mua kèm giảm giá
OD00210,05-08-2024,3,Chi nhánh Hồ Chí Minh,KH00272,Huỳnh Thị Thu Hà,15,Completed,0,7776,SP002,Ghế văn phòng,False,7567399,Hàng giảm giá
OD00211,27-12-2023,7,Chi nhánh Đà Nẵng,KH00271,Bùi Thị Lan,8,Pending,1,4044,SP001,Bàn làm việc,True,9623929,Khuyến mãi đặc biệt
OD00212,20-02-2024,10,Chi nhánh Hồ Chí Minh,KH00448,Ngô Văn Long,24,Completed,2,8744,SP001,Sách giáo khoa,True,7921212,Hàng giảm giá
OD00213,14-05-2024,8,Chi nhánh Hồ Chí Minh,KH00492,Trần Thị Bích Ngọc,82,Completed,2,3172,SP001,Bàn làm việc,True,6161460,Hàng giảm giá
OD00214,01-06-2024,9,Chi nhánh Đà Nẵng,KH00355,Phạm Thị Thanh Hương,50,Pending,0,8786,SP004,Nồi cơm điện,False,4618266,Mua kèm giảm giá
OD00215,13-09-2024,1,Chi nhánh Hà Nội,KH00942,Bùi Thị Lan,23,Cancelled,0,2128,SP002,Máy tính xách tay,False,3008506,
OD00216,02-09-2024,10,Chi nhánh Hải Phòng,KH00240,Trần Thị Bích Ngọc,60,Pending,1,3665,SP005,Bàn làm việc,True,6229366,Khuyến mãi đặc biệt
OD00217,11-07-2024,2,Chi nhánh Hải Phòng,KH00400,Vũ Minh Quân,27,Completed,2,8754,SP005,Nồi cơm điện,True,2822203,Hàng giảm giá
OD00218,30-12-2023,1,Chi nhánh Hải Phòng,KH00805,Lê Minh Hoàng,80,Cancelled,2,6102,SP005,Sách giáo khoa,False,1169890,
OD00219,30-11-2024,3,Chi nhánh Hải Phòng,KH00056,Huỳnh Thị Thu Hà,55,Pending,1,6308,SP001,Tủ lạnh,True,499952,Hàng giảm giá
OD00220,05-01-2024,6,Chi nhánh Hải Phòng,KH00481,Trần Thị Bích Ngọc,60,Cancelled,2,7521,SP002,Điện thoại thông minh,True,692872,
OD00221,04-05-2024,2,Chi nhánh Hải Phòng,KH00920,Lê Minh Hoàng,61,Cancelled,0,7497,SP005,Máy tính xách tay,True,2119223,Khuyến mãi đặc biệt
OD00222,12-10-2024,4,Chi nhánh Hà Nội,KH00818,Lê Minh Hoàng,26,Pending,0,8518,SP003,Ghế văn phòng,True,6873585,
OD00223,13-06-2024,4,Chi nhánh Đà Nẵng,KH00136,Bùi Thị Lan,84,Cancelled,0,5706,SP001,Điện thoại thông minh,False,6101495,Mua kèm giảm giá
OD00224,14-06-2024,6,Chi nhánh Hồ Chí Minh,KH00381,Lý Thị Kim Chi,82,Completed,0,6318,SP003,Nồi cơm điện,False,505582,Khuyến mãi đặc biệt
OD00225,18-05-2024,10,Chi nhánh Hải Phòng,KH00520,Phan Thị Mai,5,Completed,1,7690,SP004,Bàn làm việc,True,92000,
OD00226,16-10-2024,5,Chi nhánh Đà Nẵng,KH00150,Hoàng Văn Tiến,84,Pending,2,6248,SP004,Nồi cơm điện,False,7645035,Khuyến mãi đặc biệt
OD00227,05-05-2024,8,Chi nhánh Đà Nẵng,KH00900,Phạm Thị Thanh Hương,55,Pending,1,6847,SP005,Đèn ngủ,True,1132677,
OD00228,31-07-2024,10,Chi nhánh Đà Nẵng,KH00390,Vũ Minh Quân,51,Pending,1,6677,SP002,Đèn ngủ,False,6868737,
OD00229,08-08-2024,4,Chi nhánh Đà Nẵng,KH00938,Hoàng Văn Tiến,41,Pending,1,1324,SP004,Bàn làm việc,True,2739064,
OD00230,28-07-2024,5,Chi nhánh Hải Phòng,KH00471,Vũ Minh Quân,38,Completed,1,6342,SP004,Bàn làm việc,False,3144169,Mua kèm giảm giá
OD00231,09-09-2024,2,Chi nhánh Hà Nội,KH00821,Trần Thị Bích Ngọc,9,Completed,2,6091,SP004,Máy giặt,False,4104491,
OD00232,12-02-2024,7,Chi nhánh Đà Nẵng,KH00728,Trần Thị Bích Ngọc,32,Pending,0,5908,SP003,Nồi cơm điện,True,5259914,
OD00233,14-11-2024,8,Chi nhánh Hải Phòng,KH00426,Lê Minh Hoàng,67,Cancelled,1,4642,SP005,Đèn ngủ,False,5729979,
OD00234,28-09-2024,5,Chi nhánh Hải Phòng,KH00264,Cao Minh Tâm,62,Completed,2,8355,SP004,Nồi cơm điện,False,3222376,Khuyến mãi đặc biệt
OD00235,01-12-2024,1,Chi nhánh Hà Nội,KH00220,Phạm Thị Thanh Hương,56,Completed,1,5758,SP001,Máy tính xách tay,False,4919997,Khuyến mãi đặc biệt
OD00236,09-09-2024,4,Chi nhánh Hà Nội,KH00370,Huỳnh Thị Thu Hà,9,Cancelled,0,2349,SP001,Đèn ngủ,False,2044361,
OD00237,12-02-2024,7,Chi nhánh Hồ Chí Minh,KH00472,Huỳnh Thị Thu Hà,58,Completed,0,7210,SP005,Tủ lạnh,False,2346196,
OD00238,16-12-2024,4,Chi nhánh Hải Phòng,KH00548,Hoàng Văn Tiến,65,Completed,2,1692,SP004,Bàn làm việc,True,1321843,Khuyến mãi đặc biệt
OD00239,05-07-2024,3,Chi nhánh Hồ Chí Minh,KH00461,Hoàng Văn Tiến,32,Pending,0,9864,SP005,Nồi cơm điện,False,1623185,
OD00240,26-11-2024,6,Chi nhánh Hải Phòng,KH00359,Phạm Thị Thanh Hương,100,Cancelled,2,6840,SP004,Máy tính xách tay,False,8492182,Mua kèm giảm giá
OD00241,08-11-2024,4,Chi nhánh Hải Phòng,KH00408,Vũ Minh Quân,35,Completed,1,4533,SP004,Máy tính xách tay,True,2111945,Hàng giảm giá
OD00242,17-12-2024,6,Chi nhánh Hà Nội,KH00898,Đỗ Hoàng Anh,78,Completed,2,8020,SP003,Bàn làm việc,True,5476286,
OD00243,14-06-2024,10,Chi nhánh Hồ Chí Minh,KH00316,Cao Minh Tâm,1,Pending,0,7073,SP004,Điện thoại thông minh,True,8751366,Hàng giảm giá
OD00244,07-04-2024,5,Chi nhánh Đà Nẵng,KH00874,Hoàng Văn Tiến,24,Cancelled,2,7941,SP003,Bàn làm việc,False,1321381,Hàng giảm giá
OD00245,16-12-2024,4,Chi nhánh Hà Nội,KH00124,Lê Minh Hoàng,12,Cancelled,1,9969,SP004,Bàn làm việc,False,9601071,Khuyến mãi đặc biệt
OD00246,04-06-2024,10,Chi nhánh Hải Phòng,KH00289,Huỳnh Thị Thu Hà,38,Cancelled,2,1557,SP005,Đèn ngủ,True,896004,
OD00247,08-12-2024,3,Chi nhánh Hải Phòng,KH00923,Lê Minh Hoàng,49,Cancelled,1,7286,SP004,Điện thoại thông minh,False,3161031,
OD00248,30-06-2024,4,Chi nhánh Đà Nẵng,KH00031,Hoàng Văn Tiến,100,Completed,2,4351,SP002,Đèn ngủ,True,8183672,Mua kèm giảm giá
OD00249,24-12-2023,5,Chi nhánh Hồ Chí Minh,KH00545,Phan Thị Mai,12,Completed,2,7010,SP005,Ghế văn phòng,True,6130418,Khuyến mãi đặc biệt
OD00250,11-12-2024,4,Chi nhánh Hải Phòng,KH00518,Trần Thị Bích Ngọc,20,Completed,2,8809,SP005,Máy tính xách tay,True,2446386,
OD00251,12-02-2024,2,Chi nhánh Hải Phòng,KH00221,Bùi Thị Lan,18,Completed,0,1188,SP003,Bàn làm việc,False,3784183,Mua kèm giảm giá
OD00252,29-09-2024,2,Chi nhánh Hải Phòng,KH00059,Đỗ Hoàng Anh,52,Cancelled,1,1846,SP002,Điện thoại thông minh,False,1390661,
OD00253,16-06-2024,3,Chi nhánh Đà Nẵng,KH00256,Phạm Thị Thanh Hương,59,Completed,0,1917,SP005,Máy giặt,False,8997434,Mua kèm giảm giá
OD00254,14-08-2024,9,Chi nhánh Hà Nội,KH00493,Trần Thị Bích Ngọc,67,Cancelled,0,3887,SP003,Điện thoại thông minh,True,6805809,Hàng giảm giá
OD00255,05-04-2024,9,Chi nhánh Hồ Chí Minh,KH00530,Lý Thị Kim Chi,75,Cancelled,1,4516,SP002,Ghế văn phòng,False,5180526,Mua kèm giảm giá
OD00256,01-11-2024,6,Chi nhánh Hồ Chí Minh,KH00780,Phạm Thị Thanh Hương,9,Pending,0,1269,SP003,Đèn ngủ,True,3654454,
OD00257,04-12-2024,2,Chi nhánh Hà Nội,KH00881,Cao Minh Tâm,69,Cancelled,1,1040,SP001,Máy giặt,True,2007525,Mua kèm giảm giá
OD00258,26-08-2024,8,Chi nhánh Đà Nẵng,KH00586,Hoàng Văn Tiến,28,Completed,1,3569,SP004,Máy tính xách tay,True,1637839,Hàng giảm giá
OD00259,03-12-2024,2,Chi nhánh Hải Phòng,KH00579,Nguyễn Văn A,93,Cancelled,2,8678,SP005,Máy giặt,False,7072292,Hàng giảm giá
OD00260,29-02-2024,7,Chi nhánh Hà Nội,KH00204,Nguyễn Văn A,16,Completed,1,7442,SP002,Máy tính xách tay,True,8269452,
OD00261,12-06-2024,8,Chi nhánh Hà Nội,KH00463,Trần Thị Bích Ngọc,82,Cancelled,1,3795,SP002,Bàn làm việc,True,2473249,Hàng giảm giá
OD00262,05-10-2024,9,Chi nhánh Đà Nẵng,KH00763,Cao Minh Tâm,59,Completed,2,9445,SP003,Máy tính xách tay,False,2185071,Hàng giảm giá
OD00263,07-12-2024,2,Chi nhánh Hồ Chí Minh,KH00313,Ngô Văn Long,78,Cancelled,1,4231,SP005,Điện thoại thông minh,True,5568345,Hàng giảm giá
OD00264,14-09-2024,6,Chi nhánh Đà Nẵng,KH00507,Trần Thị Bích Ngọc,85,Pending,1,9485,SP003,Sách giáo khoa,True,4789486,Hàng giảm giá
OD00265,14-04-2024,7,Chi nhánh Hồ Chí Minh,KH00771,Vũ Minh Quân,17,Cancelled,0,6763,SP001,Bàn làm việc,False,3978692,Mua kèm giảm giá
OD00266,31-07-2024,3,Chi nhánh Đà Nẵng,KH00350,Lý Thị Kim Chi,50,Completed,0,9526,SP003,Bàn làm việc,True,3396378,Mua kèm giảm giá
OD00267,26-05-2024,1,Chi nhánh Hồ Chí Minh,KH00695,Phạm Thị Thanh Hương,58,Cancelled,0,3296,SP004,Đèn ngủ,True,755959,Khuyến mãi đặc biệt
OD00268,09-10-2024,10,Chi nhánh Hà Nội,KH00254,Ngô Văn Long,82,Cancelled,0,5511,SP002,Điện thoại thông minh,False,9953596,Mua kèm giảm giá
OD00269,14-09-2024,3,Chi nhánh Hải Phòng,KH00946,Lê Minh Hoàng,20,Cancelled,0,4203,SP005,Máy tính xách tay,True,392072,Khuyến mãi đặc biệt
OD00270,20-03-2024,10,Chi nhánh Đà Nẵng,KH00337,Bùi Thị Lan,59,Cancelled,1,2602,SP004,Đèn ngủ,True,9986952,Mua kèm giảm giá
OD00271,16-11-2024,8,Chi nhánh Hải Phòng,KH00350,Lê Minh Hoàng,88,Pending,1,9778,SP005,Ghế văn phòng,False,5170646,Mua kèm giảm giá
OD00272,29-03-2024,6,Chi nhánh Đà Nẵng,KH00033,Nguyễn Văn A,19,Pending,1,5991,SP004,Ghế văn phòng,True,5203734,Hàng giảm giá
OD00273,02-04-2024,9,Chi nhánh Hồ Chí Minh,KH00801,Ngô Văn Long,90,Pending,1,6605,SP003,Sách giáo khoa,True,6841416,Khuyến mãi đặc biệt
OD00274,22-03-2024,8,Chi nhánh Hải Phòng,KH00612,Huỳnh Thị Thu Hà,72,Completed,2,6755,SP005,Ghế văn phòng,False,3465387,Khuyến mãi đặc biệt
OD00275,02-07-2024,5,Chi nhánh Đà Nẵng,KH00066,Bùi Thị Lan,64,Pending,1,1010,SP005,Điện thoại thông minh,False,1776786,Khuyến mãi đặc biệt
OD00276,02-07-2024,3,Chi nhánh Hải Phòng,KH01000,Trần Thị Bích Ngọc,94,Cancelled,1,3342,SP003,Điện thoại thông minh,True,1790340,Mua kèm giảm giá
OD00277,11-03-2024,9,Chi nhánh Hải Phòng,KH00147,Nguyễn Văn A,45,Cancelled,0,7006,SP005,Máy tính xách tay,False,6864842,Hàng giảm giá
OD00278,04-02-2024,6,Chi nhánh Hải Phòng,KH00406,Lê Minh Hoàng,42,Cancelled,2,4754,SP001,Tủ lạnh,True,1904683,Khuyến mãi đặc biệt
OD00279,07-07-2024,6,Chi nhánh Đà Nẵng,KH00512,Đỗ Hoàng Anh,10,Pending,0,4373,SP004,Ghế văn phòng,False,7848800,Hàng giảm giá
OD00280,21-03-2024,6,Chi nhánh Hà Nội,KH00156,Trần Thị Bích Ngọc,6,Pending,2,8036,SP005,Sách giáo khoa,False,3111969,Hàng giảm giá
OD00281,27-05-2024,1,Chi nhánh Hà Nội,KH00301,Hoàng Văn Tiến,91,Cancelled,0,5941,SP003,Máy tính xách tay,True,5455443,Khuyến mãi đặc biệt
OD00282,27-02-2024,8,Chi nhánh Hà Nội,KH00480,Đỗ Hoàng Anh,88,Cancelled,1,7659,SP004,Máy tính xách tay,True,9086160,Khuyến mãi đặc biệt
OD00283,08-06-2024,1,Chi nhánh Hải Phòng,KH00842,Phan Thị Mai,13,Completed,1,9732,SP002,Đèn ngủ,True,2064407,Mua kèm giảm giá
OD00284,27-05-2024,3,Chi nhánh Hà Nội,KH00557,Cao Minh Tâm,5,Cancelled,0,1129,SP002,Điện thoại thông minh,True,6093198,Khuyến mãi đặc biệt
OD00285,16-10-2024,3,Chi nhánh Hồ Chí Minh,KH00234,Nguyễn Văn A,52,Completed,2,8956,SP001,Máy tính xách tay,True,1184677,
OD00286,11-12-2024,6,Chi nhánh Hà Nội,KH00717,Bùi Thị Lan,24,Cancelled,0,6475,SP003,Ghế văn phòng,True,388950,Mua kèm giảm giá
OD00287,15-02-2024,10,Chi nhánh Hà Nội,KH00575,Phan Thị Mai,21,Pending,1,1442,SP003,Nồi cơm điện,False,9560160,Mua kèm giảm giá
OD00288,19-03-2024,6,Chi nhánh Hà Nội,KH00678,Phạm Thị Thanh Hương,67,Cancelled,1,3804,SP004,Bàn làm việc,True,1876920,Khuyến mãi đặc biệt
OD00289,27-08-2024,3,Chi nhánh Đà Nẵng,KH00038,Vũ Minh Quân,56,Pending,2,4987,SP001,Bàn làm việc,False,238851,
OD00290,22-01-2024,1,Chi nhánh Hà Nội,KH00994,Hoàng Văn Tiến,95,Completed,0,1052,SP003,Nồi cơm điện,False,1205536,Hàng giảm giá
OD00291,17-07-2024,9,Chi nhánh Hồ Chí Minh,KH00061,Hoàng Văn Tiến,73,Pending,0,4438,SP003,Máy tính xách tay,False,1022296,Khuyến mãi đặc biệt
OD00292,28-09-2024,3,Chi nhánh Hồ Chí Minh,KH00076,Đỗ Hoàng Anh,76,Cancelled,0,7778,SP003,Đèn ngủ,False,7619131,Khuyến mãi đặc biệt
OD00293,10-03-2024,10,Chi nhánh Hải Phòng,KH00926,Ngô Văn Long,6,Pending,1,9109,SP005,Ghế văn phòng,True,2553065,Mua kèm giảm giá
OD00294,21-10-2024,6,Chi nhánh Hồ Chí Minh,KH00263,Lê Minh Hoàng,69,Cancelled,2,3728,SP002,Sách giáo khoa,False,553149,Hàng giảm giá
OD00295,15-04-2024,9,Chi nhánh Hà Nội,KH00008,Phạm Thị Thanh Hương,49,Cancelled,2,6171,SP001,Máy tính xách tay,False,5135890,Mua kèm giảm giá
OD00296,05-03-2024,8,Chi nhánh Đà Nẵng,KH00378,Phan Thị Mai,44,Pending,0,5196,SP002,Máy tính xách tay,False,4846735,Khuyến mãi đặc biệt
OD00297,03-01-2024,2,Chi nhánh Hải Phòng,KH00472,Vũ Minh Quân,90,Cancelled,1,7460,SP001,Tủ lạnh,True,185125,Mua kèm giảm giá
OD00298,22-11-2024,10,Chi nhánh Hồ Chí Minh,KH00993,Trần Thị Bích Ngọc,70,Completed,2,5975,SP003,Máy tính xách tay,False,3109942,Mua kèm giảm giá
OD00299,22-04-2024,9,Chi nhánh Hồ Chí Minh,KH00541,Đỗ Hoàng Anh,4,Completed,2,3314,SP003,Sách giáo khoa,True,8775446,Mua kèm giảm giá
OD00300,27-06-2024,9,Chi nhánh Đà Nẵng,KH00723,Đỗ Hoàng Anh,10,Pending,1,4176,SP004,Máy giặt,False,6640794,Hàng giảm giá
OD00301,26-09-2024,9,Chi nhánh Hải Phòng,KH00416,Hoàng Văn Tiến,55,Completed,1,3939,SP002,Sách giáo khoa,False,2640460,
OD00302,21-11-2024,7,Chi nhánh Đà Nẵng,KH00723,Nguyễn Văn A,40,Pending,0,7814,SP002,Tủ lạnh,True,4071812,Khuyến mãi đặc biệt
OD00303,14-10-2024,9,Chi nhánh Đà Nẵng,KH00948,Phạm Thị Thanh Hương,1,Completed,0,9334,SP005,Máy tính xách tay,True,5953707,Mua kèm giảm giá
OD00304,15-07-2024,9,Chi nhánh Hà Nội,KH00612,Phan Thị Mai,19,Pending,1,5585,SP005,Nồi cơm điện,False,36109,Khuyến mãi đặc biệt
OD00305,21-10-2024,9,Chi nhánh Hải Phòng,KH00503,Lý Thị Kim Chi,69,Pending,1,2106,SP002,Nồi cơm điện,True,7057265,Khuyến mãi đặc biệt
OD00306,25-03-2024,8,Chi nhánh Hà Nội,KH00197,Đặng Thị Hạnh,72,Completed,1,8565,SP003,Đèn ngủ,False,2945382,Khuyến mãi đặc biệt
OD00307,28-10-2024,2,Chi nhánh Đà Nẵng,KH00170,Trần Thị Bích Ngọc,51,Cancelled,1,1065,SP003,Máy tính xách tay,True,3390950,Khuyến mãi đặc biệt
OD00308,28-03-2024,2,Chi nhánh Hà Nội,KH00171,Vũ Minh Quân,45,Completed,0,1543,SP003,Tủ lạnh,True,5677936,Hàng giảm giá
OD00309,04-09-2024,4,Chi nhánh Hải Phòng,KH00233,Vũ Minh Quân,58,Cancelled,1,1647,SP003,Tủ lạnh,True,8465037,
OD00310,13-09-2024,3,Chi nhánh Hồ Chí Minh,KH00268,Hoàng Văn Tiến,18,Cancelled,0,3743,SP005,Máy tính xách tay,False,2128536,Mua kèm giảm giá
OD00311,15-07-2024,10,Chi nhánh Hồ Chí Minh,KH00458,Phạm Thị Thanh Hương,2,Pending,2,1214,SP003,Bàn làm việc,False,7663958,Hàng giảm giá
OD00312,13-02-2024,4,Chi nhánh Hà Nội,KH00679,Nguyễn Văn A,50,Completed,2,2203,SP003,Đèn ngủ,True,5809465,Mua kèm giảm giá
OD00313,24-06-2024,2,Chi nhánh Hồ Chí Minh,KH00113,Lý Thị Kim Chi,50,Cancelled,0,6627,SP005,Máy tính xách tay,False,8869224,Hàng giảm giá
OD00314,26-05-2024,2,Chi nhánh Hải Phòng,KH00745,Vũ Minh Quân,18,Cancelled,1,9080,SP003,Nồi cơm điện,True,9210200,Hàng giảm giá
OD00315,12-12-2024,2,Chi nhánh Hải Phòng,KH00176,Trần Thị Bích Ngọc,60,Completed,1,1439,SP001,Sách giáo khoa,True,4609642,
OD00316,24-08-2024,1,Chi nhánh Hồ Chí Minh,KH00546,Bùi Thị Lan,27,Cancelled,2,6607,SP005,Bàn làm việc,True,4363716,Khuyến mãi đặc biệt
OD00317,09-05-2024,7,Chi nhánh Hồ Chí Minh,KH00268,Huỳnh Thị Thu Hà,27,Completed,0,4441,SP001,Nồi cơm điện,False,7210736,Mua kèm giảm giá
OD00318,30-06-2024,9,Chi nhánh Hải Phòng,KH00277,Đỗ Hoàng Anh,65,Completed,1,9547,SP004,Sách giáo khoa,True,425009,Hàng giảm giá
OD00319,12-08-2024,7,Chi nhánh Đà Nẵng,KH00732,Lê Minh Hoàng,39,Pending,0,8963,SP004,Điện thoại thông minh,True,2878129,
OD00320,14-08-2024,3,Chi nhánh Đà Nẵng,KH00035,Trần Thị Bích Ngọc,60,Completed,2,5735,SP003,Bàn làm việc,False,596239,Mua kèm giảm giá
OD00321,29-06-2024,9,Chi nhánh Hồ Chí Minh,KH00734,Lê Minh Hoàng,92,Pending,2,6480,SP002,Đèn ngủ,False,2226553,Khuyến mãi đặc biệt
OD00322,02-08-2024,8,Chi nhánh Hà Nội,KH00413,Lê Minh Hoàng,94,Completed,2,2266,SP003,Máy giặt,False,6251285,Mua kèm giảm giá
OD00323,03-09-2024,6,Chi nhánh Hồ Chí Minh,KH00669,Huỳnh Thị Thu Hà,23,Completed,1,1925,SP002,Máy giặt,False,1682557,Khuyến mãi đặc biệt
OD00324,20-12-2024,10,Chi nhánh Hồ Chí Minh,KH00315,Phạm Thị Thanh Hương,48,Completed,2,6398,SP002,Sách giáo khoa,False,3663586,
OD00325,02-06-2024,5,Chi nhánh Đà Nẵng,KH00506,Đặng Thị Hạnh,39,Pending,2,1683,SP005,Sách giáo khoa,False,1161564,Khuyến mãi đặc biệt
OD00326,02-05-2024,3,Chi nhánh Hà Nội,KH00883,Nguyễn Văn A,42,Pending,2,5221,SP004,Đèn ngủ,True,4955916,Mua kèm giảm giá
OD00327,21-02-2024,1,Chi nhánh Đà Nẵng,KH00620,Hoàng Văn Tiến,21,Cancelled,2,7738,SP004,Điện thoại thông minh,False,7800005,Mua kèm giảm giá
OD00328,26-04-2024,3,Chi nhánh Hải Phòng,KH00592,Trần Thị Bích Ngọc,80,Cancelled,0,4449,SP005,Máy tính xách tay,True,9543860,
OD00329,13-04-2024,10,Chi nhánh Hồ Chí Minh,KH00174,Ngô Văn Long,2,Pending,2,5922,SP005,Bàn làm việc,False,2750448,Hàng giảm giá
OD00330,02-03-2024,6,Chi nhánh Hải Phòng,KH00910,Bùi Thị Lan,40,Completed,2,8537,SP005,Nồi cơm điện,True,941438,
OD00331,15-05-2024,3,Chi nhánh Hồ Chí Minh,KH00731,Phan Thị Mai,72,Completed,1,3881,SP003,Điện thoại thông minh,True,7739348,Khuyến mãi đặc biệt
OD00332,12-03-2024,8,Chi nhánh Đà Nẵng,KH00457,Lý Thị Kim Chi,23,Cancelled,0,5548,SP005,Đèn ngủ,True,6564434,Khuyến mãi đặc biệt
OD00333,09-05-2024,4,Chi nhánh Hà Nội,KH00938,Trần Thị Bích Ngọc,39,Pending,1,7510,SP002,Máy tính xách tay,False,7187428,
OD00334,22-09-2024,7,Chi nhánh Hồ Chí Minh,KH00813,Bùi Thị Lan,65,Completed,0,3406,SP005,Đèn ngủ,False,8909853,
OD00335,23-05-2024,7,Chi nhánh Đà Nẵng,KH00082,Cao Minh Tâm,20,Cancelled,0,1410,SP004,Tủ lạnh,False,9090155,Mua kèm giảm giá
OD00336,11-02-2024,6,Chi nhánh Đà Nẵng,KH00656,Hoàng Văn Tiến,3,Cancelled,0,1426,SP001,Tủ lạnh,False,2152345,Mua kèm giảm giá
OD00337,23-05-2024,2,Chi nhánh Hà Nội,KH00044,Bùi Thị Lan,52,Completed,2,8461,SP001,Bàn làm việc,True,4988692,Khuyến mãi đặc biệt
OD00338,16-09-2024,7,Chi nhánh Hải Phòng,KH00132,Nguyễn Văn A,97,Pending,2,1763,SP002,Máy giặt,True,7222013,Hàng giảm giá
OD00339,14-02-2024,4,Chi nhánh Đà Nẵng,KH00577,Cao Minh Tâm,4,Pending,1,3156,SP002,Sách giáo khoa,False,6018181,Khuyến mãi đặc biệt
OD00340,24-01-2024,8,Chi nhánh Hà Nội,KH00706,Đặng Thị Hạnh,32,Pending,0,4048,SP004,Ghế văn phòng,True,9385332,Mua kèm giảm giá
OD00341,26-04-2024,4,Chi nhánh Hà Nội,KH00100,Lê Minh Hoàng,76,Pending,1,8342,SP001,Đèn ngủ,False,2394489,Khuyến mãi đặc biệt
OD00342,08-08-2024,4,Chi nhánh Đà Nẵng,KH00479,Bùi Thị Lan,71,Completed,1,4474,SP003,Tủ lạnh,False,2099082,Hàng giảm giá
OD00343,04-03-2024,4,Chi nhánh Đà Nẵng,KH00989,Trần Thị Bích Ngọc,96,Pending,1,5249,SP002,Ghế văn phòng,True,3352377,Mua kèm giảm giá
OD00344,23-05-2024,1,Chi nhánh Hải Phòng,KH00514,Phan Thị Mai,79,Completed,1,6880,SP001,Đèn ngủ,False,5519529,Khuyến mãi đặc biệt
OD00345,25-10-2024,3,Chi nhánh Hồ Chí Minh,KH00041,Phạm Thị Thanh Hương,93,Pending,1,4909,SP001,Đèn ngủ,True,964800,Khuyến mãi đặc biệt
OD00346,28-07-2024,3,Chi nhánh Hồ Chí Minh,KH00354,Phan Thị Mai,51,Cancelled,0,6376,SP001,Máy tính xách tay,False,5245450,Hàng giảm giá
OD00347,29-06-2024,9,Chi nhánh Hồ Chí Minh,KH00315,Huỳnh Thị Thu Hà,79,Completed,1,2785,SP004,Tủ lạnh,True,8947390,Hàng giảm giá
OD00348,25-05-2024,6,Chi nhánh Đà Nẵng,KH00670,Lê Minh Hoàng,4,Completed,0,5577,SP004,Máy giặt,True,3929320,Hàng giảm giá
OD00349,14-10-2024,7,Chi nhánh Hà Nội,KH00607,Đặng Thị Hạnh,71,Cancelled,1,8106,SP003,Sách giáo khoa,True,9081573,Khuyến mãi đặc biệt
OD00350,02-11-2024,7,Chi nhánh Hải Phòng,KH00969,Nguyễn Văn A,10,Cancelled,2,4326,SP002,Ghế văn phòng,False,9348677,Mua kèm giảm giá
OD00351,16-10-2024,10,Chi nhánh Hà Nội,KH00546,Trần Thị Bích Ngọc,27,Pending,1,2608,SP005,Ghế văn phòng,False,1908917,
OD00352,02-07-2024,9,Chi nhánh Hồ Chí Minh,KH00078,Nguyễn Văn A,18,Pending,1,6637,SP005,Tủ lạnh,False,5308634,Khuyến mãi đặc biệt
OD00353,30-10-2024,6,Chi nhánh Hồ Chí Minh,KH00967,Ngô Văn Long,23,Completed,1,7591,SP005,Đèn ngủ,False,4667727,Hàng giảm giá
OD00354,08-02-2024,3,Chi nhánh Hải Phòng,KH00382,Trần Thị Bích Ngọc,33,Pending,2,3193,SP004,Đèn ngủ,False,1453383,
OD00355,11-12-2024,8,Chi nhánh Hồ Chí Minh,KH00715,Cao Minh Tâm,81,Pending,0,1955,SP003,Máy giặt,True,8075232,Khuyến mãi đặc biệt
OD00356,26-02-2024,3,Chi nhánh Hà Nội,KH00488,Bùi Thị Lan,13,Cancelled,1,9324,SP002,Đèn ngủ,False,7536994,Hàng giảm giá
OD00357,14-05-2024,8,Chi nhánh Hải Phòng,KH00556,Đặng Thị Hạnh,71,Cancelled,0,2084,SP002,Sách giáo khoa,False,9423463,Khuyến mãi đặc biệt
OD00358,28-04-2024,10,Chi nhánh Hà Nội,KH00277,Phan Thị Mai,9,Cancelled,1,9966,SP003,Sách giáo khoa,False,7780033,
OD00359,02-05-2024,6,Chi nhánh Hà Nội,KH00158,Lý Thị Kim Chi,96,Completed,1,1852,SP004,Bàn làm việc,False,7427700,Mua kèm giảm giá
OD00360,06-04-2024,6,Chi nhánh Hải Phòng,KH00575,Huỳnh Thị Thu Hà,100,Cancelled,1,5781,SP003,Máy giặt,False,109745,Hàng giảm giá
OD00361,09-09-2024,9,Chi nhánh Hà Nội,KH00181,Đặng Thị Hạnh,30,Cancelled,0,5869,SP001,Đèn ngủ,True,4802931,Mua kèm giảm giá
OD00362,26-07-2024,4,Chi nhánh Hồ Chí Minh,KH00379,Hoàng Văn Tiến,90,Completed,2,5626,SP003,Nồi cơm điện,True,6882406,Khuyến mãi đặc biệt
OD00363,14-05-2024,10,Chi nhánh Đà Nẵng,KH00371,Bùi Thị Lan,64,Pending,1,6457,SP002,Bàn làm việc,False,3255578,Hàng giảm giá
OD00364,30-01-2024,4,Chi nhánh Hà Nội,KH00975,Bùi Thị Lan,64,Cancelled,0,6691,SP002,Sách giáo khoa,False,6887178,Hàng giảm giá
OD00365,13-11-2024,2,Chi nhánh Hải Phòng,KH00467,Phạm Thị Thanh Hương,61,Cancelled,0,8642,SP002,Điện thoại thông minh,True,6929164,Khuyến mãi đặc biệt
OD00366,03-08-2024,5,Chi nhánh Hà Nội,KH00528,Huỳnh Thị Thu Hà,30,Cancelled,0,7041,SP004,Nồi cơm điện,False,3132226,Hàng giảm giá
OD00367,13-09-2024,2,Chi nhánh Hồ Chí Minh,KH00493,Đặng Thị Hạnh,29,Pending,2,4516,SP003,Bàn làm việc,False,7044755,
OD00368,26-01-2024,2,Chi nhánh Đà Nẵng,KH00931,Trần Thị Bích Ngọc,67,Pending,2,1087,SP001,Điện thoại thông minh,True,4490577,Mua kèm giảm giá
OD00369,12-01-2024,9,Chi nhánh Hải Phòng,KH00852,Nguyễn Văn A,35,Completed,2,9849,SP005,Đèn ngủ,False,2241502,Khuyến mãi đặc biệt
OD00370,18-09-2024,5,Chi nhánh Hải Phòng,KH00463,Cao Minh Tâm,42,Cancelled,2,3735,SP003,Ghế văn phòng,True,5627167,Hàng giảm giá
OD00371,02-10-2024,1,Chi nhánh Hồ Chí Minh,KH00301,Hoàng Văn Tiến,53,Pending,2,6582,SP002,Điện thoại thông minh,True,4599258,Hàng giảm giá
OD00372,23-08-2024,7,Chi nhánh Hải Phòng,KH00070,Trần Thị Bích Ngọc,36,Cancelled,0,6317,SP003,Máy giặt,False,1215191,Hàng giảm giá
OD00373,17-06-2024,3,Chi nhánh Hà Nội,KH00711,Lý Thị Kim Chi,14,Cancelled,2,3839,SP001,Sách giáo khoa,True,1558938,Hàng giảm giá
OD00374,01-04-2024,5,Chi nhánh Hồ Chí Minh,KH00132,Trần Thị Bích Ngọc,90,Completed,2,3112,SP001,Điện thoại thông minh,False,8621055,Mua kèm giảm giá
OD00375,03-06-2024,5,Chi nhánh Hà Nội,KH00018,Phạm Thị Thanh Hương,23,Cancelled,2,7618,SP004,Ghế văn phòng,False,712017,Mua kèm giảm giá
OD00376,04-08-2024,9,Chi nhánh Hải Phòng,KH00194,Phạm Thị Thanh Hương,15,Pending,2,4025,SP005,Bàn làm việc,True,5884879,Hàng giảm giá
OD00377,27-07-2024,4,Chi nhánh Hà Nội,KH00424,Ngô Văn Long,74,Completed,1,2624,SP005,Ghế văn phòng,True,2752311,Hàng giảm giá
OD00378,15-03-2024,8,Chi nhánh Hồ Chí Minh,KH00103,Lê Minh Hoàng,79,Completed,2,4417,SP005,Điện thoại thông minh,True,1563473,Khuyến mãi đặc biệt
OD00379,24-06-2024,10,Chi nhánh Đà Nẵng,KH00589,Phạm Thị Thanh Hương,15,Cancelled,2,9024,SP004,Tủ lạnh,True,8442333,Khuyến mãi đặc biệt
OD00380,15-02-2024,9,Chi nhánh Đà Nẵng,KH00491,Cao Minh Tâm,93,Completed,2,6613,SP005,Máy tính xách tay,True,8828969,Khuyến mãi đặc biệt
OD00381,10-08-2024,2,Chi nhánh Hà Nội,KH00091,Đỗ Hoàng Anh,100,Completed,0,2136,SP005,Đèn ngủ,False,9395906,Hàng giảm giá
OD00382,15-03-2024,2,Chi nhánh Hà Nội,KH00821,Phan Thị Mai,67,Pending,0,5113,SP002,Nồi cơm điện,True,2851832,Mua kèm giảm giá
OD00383,19-10-2024,8,Chi nhánh Đà Nẵng,KH00838,Nguyễn Văn A,67,Cancelled,2,1850,SP002,Sách giáo khoa,True,5834872,Mua kèm giảm giá
OD00384,17-02-2024,6,Chi nhánh Đà Nẵng,KH00770,Phạm Thị Thanh Hương,17,Cancelled,1,2744,SP003,Sách giáo khoa,True,4729903,Khuyến mãi đặc biệt
OD00385,14-12-2024,4,Chi nhánh Hải Phòng,KH00017,Phan Thị Mai,30,Pending,2,8451,SP003,Ghế văn phòng,False,7683902,Hàng giảm giá
OD00386,05-08-2024,2,Chi nhánh Đà Nẵng,KH00890,Hoàng Văn Tiến,44,Completed,0,2069,SP001,Máy tính xách tay,False,7052503,Khuyến mãi đặc biệt
OD00387,09-01-2024,4,Chi nhánh Hải Phòng,KH00021,Phạm Thị Thanh Hương,38,Pending,2,9015,SP005,Sách giáo khoa,False,8396650,Hàng giảm giá
OD00388,18-03-2024,4,Chi nhánh Hồ Chí Minh,KH00412,Cao Minh Tâm,44,Cancelled,2,9978,SP005,Ghế văn phòng,True,647510,Hàng giảm giá
OD00389,07-07-2024,2,Chi nhánh Hải Phòng,KH00902,Nguyễn Văn A,4,Cancelled,1,7944,SP005,Máy giặt,False,6089742,Mua kèm giảm giá
OD00390,14-01-2024,2,Chi nhánh Hồ Chí Minh,KH00526,Vũ Minh Quân,75,Pending,1,1819,SP001,Tủ lạnh,False,6197833,Mua kèm giảm giá
OD00391,23-06-2024,9,Chi nhánh Hồ Chí Minh,KH00148,Cao Minh Tâm,27,Cancelled,0,8647,SP004,Ghế văn phòng,False,3783985,Hàng giảm giá
OD00392,13-12-2024,9,Chi nhánh Hà Nội,KH00598,Đặng Thị Hạnh,78,Completed,2,6340,SP003,Máy tính xách tay,False,3587009,Mua kèm giảm giá
OD00393,01-06-2024,4,Chi nhánh Hải Phòng,KH00733,Phạm Thị Thanh Hương,53,Completed,2,7718,SP005,Đèn ngủ,True,9302306,Mua kèm giảm giá
OD00394,05-06-2024,1,Chi nhánh Hồ Chí Minh,KH00385,Phạm Thị Thanh Hương,38,Cancelled,2,2932,SP003,Tủ lạnh,False,7592711,Mua kèm giảm giá
OD00395,11-06-2024,5,Chi nhánh Hồ Chí Minh,KH00201,Phan Thị Mai,99,Pending,0,3221,SP004,Ghế văn phòng,False,1350417,Hàng giảm giá
OD00396,21-04-2024,7,Chi nhánh Hồ Chí Minh,KH00741,Ngô Văn Long,43,Cancelled,1,4773,SP005,Máy giặt,True,7924684,Khuyến mãi đặc biệt
OD00397,08-10-2024,7,Chi nhánh Đà Nẵng,KH00028,Phạm Thị Thanh Hương,11,Completed,2,8870,SP005,Đèn ngủ,True,3998413,Khuyến mãi đặc biệt